date,time,doctor_name,location,available,appointment_duration
2025-09-03,09:00,Dr. Smith,Main Clinic,True,60
2025-09-03,09:30,Dr. Smith,Main Clinic,True,60
2025-09-03,10:00,Dr. Smith,Main Clinic,True,60
2025-09-03,10:30,Dr. Smith,Main Clinic,True,60
2025-09-03,11:00,Dr. Smith,Main Clinic,True,60
2025-09-03,11:30,Dr. Smith,Main Clinic,True,60
2025-09-03,12:00,Dr. Smith,Main Clinic,True,60
2025-09-03,12:30,Dr. Smith,Main Clinic,True,60
2025-09-03,13:00,Dr. Smith,Main Clinic,True,60
2025-09-03,13:30,Dr. Smith,Main Clinic,True,60
2025-09-03,14:00,Dr. Smith,Main Clinic,True,60
2025-09-03,14:30,Dr. Smith,Main Clinic,True,60
2025-09-03,15:00,Dr. Smith,Main Clinic,True,60
2025-09-03,15:30,Dr. Smith,Main Clinic,True,60
2025-09-03,16:00,Dr. Smith,Main Clinic,True,60
2025-09-03,16:30,Dr. Smith,Main Clinic,True,60
2025-09-03,10:00,Dr. Johnson,Heart Center,True,60
2025-09-03,10:30,Dr. Johnson,Heart Center,True,60
2025-09-03,11:00,Dr. Johnson,Heart Center,True,60
2025-09-03,11:30,Dr. Johnson,Heart Center,True,60
2025-09-03,12:00,Dr. Johnson,Heart Center,True,60
2025-09-03,12:30,Dr. Johnson,Heart Center,True,60
2025-09-03,13:00,Dr. Johnson,Heart Center,True,60
2025-09-03,13:30,Dr. Johnson,Heart Center,True,60
2025-09-03,14:00,Dr. Johnson,Heart Center,True,60
2025-09-03,14:30,Dr. Johnson,Heart Center,True,60
2025-09-03,15:00,Dr. Johnson,Heart Center,True,60
2025-09-03,15:30,Dr. Johnson,Heart Center,True,60
2025-09-03,08:00,Dr. Williams,Skin Clinic,True,60
2025-09-03,08:30,Dr. Williams,Skin Clinic,True,60
2025-09-03,09:00,Dr. Williams,Skin Clinic,True,60
2025-09-03,09:30,Dr. Williams,Skin Clinic,True,60
2025-09-03,10:00,Dr. Williams,Skin Clinic,True,60
2025-09-03,10:30,Dr. Williams,Skin Clinic,True,60
2025-09-03,11:00,Dr. Williams,Skin Clinic,True,60
2025-09-03,11:30,Dr. Williams,Skin Clinic,True,60
2025-09-03,12:00,Dr. Williams,Skin Clinic,True,60
2025-09-03,12:30,Dr. Williams,Skin Clinic,True,60
2025-09-03,13:00,Dr. Williams,Skin Clinic,True,60
2025-09-03,13:30,Dr. Williams,Skin Clinic,True,60
2025-09-03,14:00,Dr. Williams,Skin Clinic,True,60
2025-09-03,14:30,Dr. Williams,Skin Clinic,True,60
2025-09-04,09:00,Dr. Smith,Main Clinic,True,60
2025-09-04,09:30,Dr. Smith,Main Clinic,True,60
2025-09-04,10:00,Dr. Smith,Main Clinic,True,60
2025-09-04,10:30,Dr. Smith,Main Clinic,True,60
2025-09-04,11:00,Dr. Smith,Main Clinic,True,60
2025-09-04,11:30,Dr. Smith,Main Clinic,True,60
2025-09-04,12:00,Dr. Smith,Main Clinic,True,60
2025-09-04,12:30,Dr. Smith,Main Clinic,True,60
2025-09-04,13:00,Dr. Smith,Main Clinic,True,60
2025-09-04,13:30,Dr. Smith,Main Clinic,True,60
2025-09-04,14:00,Dr. Smith,Main Clinic,True,60
2025-09-04,14:30,Dr. Smith,Main Clinic,True,60
2025-09-04,15:00,Dr. Smith,Main Clinic,True,60
2025-09-04,15:30,Dr. Smith,Main Clinic,True,60
2025-09-04,16:00,Dr. Smith,Main Clinic,True,60
2025-09-04,16:30,Dr. Smith,Main Clinic,True,60
2025-09-04,10:00,Dr. Johnson,Heart Center,True,60
2025-09-04,10:30,Dr. Johnson,Heart Center,True,60
2025-09-04,11:00,Dr. Johnson,Heart Center,True,60
2025-09-04,11:30,Dr. Johnson,Heart Center,True,60
2025-09-04,12:00,Dr. Johnson,Heart Center,True,60
2025-09-04,12:30,Dr. Johnson,Heart Center,True,60
2025-09-04,13:00,Dr. Johnson,Heart Center,True,60
2025-09-04,13:30,Dr. Johnson,Heart Center,True,60
2025-09-04,14:00,Dr. Johnson,Heart Center,True,60
2025-09-04,14:30,Dr. Johnson,Heart Center,True,60
2025-09-04,15:00,Dr. Johnson,Heart Center,True,60
2025-09-04,15:30,Dr. Johnson,Heart Center,True,60
2025-09-04,11:00,Dr. Brown,Bone & Joint Center,True,60
2025-09-04,11:30,Dr. Brown,Bone & Joint Center,True,60
2025-09-04,12:00,Dr. Brown,Bone & Joint Center,True,60
2025-09-04,12:30,Dr. Brown,Bone & Joint Center,True,60
2025-09-04,13:00,Dr. Brown,Bone & Joint Center,True,60
2025-09-04,13:30,Dr. Brown,Bone & Joint Center,True,60
2025-09-04,14:00,Dr. Brown,Bone & Joint Center,True,60
2025-09-04,14:30,Dr. Brown,Bone & Joint Center,True,60
2025-09-04,15:00,Dr. Brown,Bone & Joint Center,True,60
2025-09-04,15:30,Dr. Brown,Bone & Joint Center,True,60
2025-09-04,16:00,Dr. Brown,Bone & Joint Center,True,60
2025-09-04,16:30,Dr. Brown,Bone & Joint Center,True,60
2025-09-04,17:00,Dr. Brown,Bone & Joint Center,True,60
2025-09-04,17:30,Dr. Brown,Bone & Joint Center,True,60
2025-09-05,09:00,Dr. Smith,Main Clinic,True,60
2025-09-05,09:30,Dr. Smith,Main Clinic,True,60
2025-09-05,10:00,Dr. Smith,Main Clinic,True,60
2025-09-05,10:30,Dr. Smith,Main Clinic,True,60
2025-09-05,11:00,Dr. Smith,Main Clinic,True,60
2025-09-05,11:30,Dr. Smith,Main Clinic,True,60
2025-09-05,12:00,Dr. Smith,Main Clinic,True,60
2025-09-05,12:30,Dr. Smith,Main Clinic,True,60
2025-09-05,13:00,Dr. Smith,Main Clinic,True,60
2025-09-05,13:30,Dr. Smith,Main Clinic,True,60
2025-09-05,14:00,Dr. Smith,Main Clinic,True,60
2025-09-05,14:30,Dr. Smith,Main Clinic,True,60
2025-09-05,15:00,Dr. Smith,Main Clinic,True,60
2025-09-05,15:30,Dr. Smith,Main Clinic,True,60
2025-09-05,16:00,Dr. Smith,Main Clinic,True,60
2025-09-05,16:30,Dr. Smith,Main Clinic,True,60
2025-09-05,08:00,Dr. Williams,Skin Clinic,True,60
2025-09-05,08:30,Dr. Williams,Skin Clinic,True,60
2025-09-05,09:00,Dr. Williams,Skin Clinic,True,60
2025-09-05,09:30,Dr. Williams,Skin Clinic,True,60
2025-09-05,10:00,Dr. Williams,Skin Clinic,True,60
2025-09-05,10:30,Dr. Williams,Skin Clinic,True,60
2025-09-05,11:00,Dr. Williams,Skin Clinic,True,60
2025-09-05,11:30,Dr. Williams,Skin Clinic,True,60
2025-09-05,12:00,Dr. Williams,Skin Clinic,True,60
2025-09-05,12:30,Dr. Williams,Skin Clinic,True,60
2025-09-05,13:00,Dr. Williams,Skin Clinic,True,60
2025-09-05,13:30,Dr. Williams,Skin Clinic,True,60
2025-09-05,14:00,Dr. Williams,Skin Clinic,True,60
2025-09-05,14:30,Dr. Williams,Skin Clinic,True,60
2025-09-05,11:00,Dr. Brown,Bone & Joint Center,True,60
2025-09-05,11:30,Dr. Brown,Bone & Joint Center,True,60
2025-09-05,12:00,Dr. Brown,Bone & Joint Center,True,60
2025-09-05,12:30,Dr. Brown,Bone & Joint Center,True,60
2025-09-05,13:00,Dr. Brown,Bone & Joint Center,True,60
2025-09-05,13:30,Dr. Brown,Bone & Joint Center,True,60
2025-09-05,14:00,Dr. Brown,Bone & Joint Center,True,60
2025-09-05,14:30,Dr. Brown,Bone & Joint Center,True,60
2025-09-05,15:00,Dr. Brown,Bone & Joint Center,True,60
2025-09-05,15:30,Dr. Brown,Bone & Joint Center,True,60
2025-09-05,16:00,Dr. Brown,Bone & Joint Center,True,60
2025-09-05,16:30,Dr. Brown,Bone & Joint Center,True,60
2025-09-05,17:00,Dr. Brown,Bone & Joint Center,True,60
2025-09-05,17:30,Dr. Brown,Bone & Joint Center,True,60
2025-09-08,09:00,Dr. Smith,Main Clinic,True,60
2025-09-08,09:30,Dr. Smith,Main Clinic,True,60
2025-09-08,10:00,Dr. Smith,Main Clinic,True,60
2025-09-08,10:30,Dr. Smith,Main Clinic,True,60
2025-09-08,11:00,Dr. Smith,Main Clinic,True,60
2025-09-08,11:30,Dr. Smith,Main Clinic,True,60
2025-09-08,12:00,Dr. Smith,Main Clinic,True,60
2025-09-08,12:30,Dr. Smith,Main Clinic,True,60
2025-09-08,13:00,Dr. Smith,Main Clinic,True,60
2025-09-08,13:30,Dr. Smith,Main Clinic,True,60
2025-09-08,14:00,Dr. Smith,Main Clinic,True,60
2025-09-08,14:30,Dr. Smith,Main Clinic,True,60
2025-09-08,15:00,Dr. Smith,Main Clinic,True,60
2025-09-08,15:30,Dr. Smith,Main Clinic,True,60
2025-09-08,16:00,Dr. Smith,Main Clinic,True,60
2025-09-08,16:30,Dr. Smith,Main Clinic,True,60
2025-09-08,08:00,Dr. Williams,Skin Clinic,True,60
2025-09-08,08:30,Dr. Williams,Skin Clinic,True,60
2025-09-08,09:00,Dr. Williams,Skin Clinic,True,60
2025-09-08,09:30,Dr. Williams,Skin Clinic,True,60
2025-09-08,10:00,Dr. Williams,Skin Clinic,True,60
2025-09-08,10:30,Dr. Williams,Skin Clinic,True,60
2025-09-08,11:00,Dr. Williams,Skin Clinic,True,60
2025-09-08,11:30,Dr. Williams,Skin Clinic,True,60
2025-09-08,12:00,Dr. Williams,Skin Clinic,True,60
2025-09-08,12:30,Dr. Williams,Skin Clinic,True,60
2025-09-08,13:00,Dr. Williams,Skin Clinic,True,60
2025-09-08,13:30,Dr. Williams,Skin Clinic,True,60
2025-09-08,14:00,Dr. Williams,Skin Clinic,True,60
2025-09-08,14:30,Dr. Williams,Skin Clinic,True,60
2025-09-09,09:00,Dr. Smith,Main Clinic,True,60
2025-09-09,09:30,Dr. Smith,Main Clinic,True,60
2025-09-09,10:00,Dr. Smith,Main Clinic,True,60
2025-09-09,10:30,Dr. Smith,Main Clinic,True,60
2025-09-09,11:00,Dr. Smith,Main Clinic,True,60
2025-09-09,11:30,Dr. Smith,Main Clinic,True,60
2025-09-09,12:00,Dr. Smith,Main Clinic,True,60
2025-09-09,12:30,Dr. Smith,Main Clinic,True,60
2025-09-09,13:00,Dr. Smith,Main Clinic,True,60
2025-09-09,13:30,Dr. Smith,Main Clinic,True,60
2025-09-09,14:00,Dr. Smith,Main Clinic,True,60
2025-09-09,14:30,Dr. Smith,Main Clinic,True,60
2025-09-09,15:00,Dr. Smith,Main Clinic,True,60
2025-09-09,15:30,Dr. Smith,Main Clinic,True,60
2025-09-09,16:00,Dr. Smith,Main Clinic,True,60
2025-09-09,16:30,Dr. Smith,Main Clinic,True,60
2025-09-09,10:00,Dr. Johnson,Heart Center,True,60
2025-09-09,10:30,Dr. Johnson,Heart Center,True,60
2025-09-09,11:00,Dr. Johnson,Heart Center,True,60
2025-09-09,11:30,Dr. Johnson,Heart Center,True,60
2025-09-09,12:00,Dr. Johnson,Heart Center,True,60
2025-09-09,12:30,Dr. Johnson,Heart Center,True,60
2025-09-09,13:00,Dr. Johnson,Heart Center,True,60
2025-09-09,13:30,Dr. Johnson,Heart Center,True,60
2025-09-09,14:00,Dr. Johnson,Heart Center,True,60
2025-09-09,14:30,Dr. Johnson,Heart Center,True,60
2025-09-09,15:00,Dr. Johnson,Heart Center,True,60
2025-09-09,15:30,Dr. Johnson,Heart Center,True,60
2025-09-09,11:00,Dr. Brown,Bone & Joint Center,True,60
2025-09-09,11:30,Dr. Brown,Bone & Joint Center,True,60
2025-09-09,12:00,Dr. Brown,Bone & Joint Center,True,60
2025-09-09,12:30,Dr. Brown,Bone & Joint Center,True,60
2025-09-09,13:00,Dr. Brown,Bone & Joint Center,True,60
2025-09-09,13:30,Dr. Brown,Bone & Joint Center,True,60
2025-09-09,14:00,Dr. Brown,Bone & Joint Center,True,60
2025-09-09,14:30,Dr. Brown,Bone & Joint Center,True,60
2025-09-09,15:00,Dr. Brown,Bone & Joint Center,True,60
2025-09-09,15:30,Dr. Brown,Bone & Joint Center,True,60
2025-09-09,16:00,Dr. Brown,Bone & Joint Center,True,60
2025-09-09,16:30,Dr. Brown,Bone & Joint Center,True,60
2025-09-09,17:00,Dr. Brown,Bone & Joint Center,True,60
2025-09-09,17:30,Dr. Brown,Bone & Joint Center,True,60
2025-09-10,09:00,Dr. Smith,Main Clinic,True,60
2025-09-10,09:30,Dr. Smith,Main Clinic,True,60
2025-09-10,10:00,Dr. Smith,Main Clinic,True,60
2025-09-10,10:30,Dr. Smith,Main Clinic,True,60
2025-09-10,11:00,Dr. Smith,Main Clinic,True,60
2025-09-10,11:30,Dr. Smith,Main Clinic,True,60
2025-09-10,12:00,Dr. Smith,Main Clinic,True,60
2025-09-10,12:30,Dr. Smith,Main Clinic,True,60
2025-09-10,13:00,Dr. Smith,Main Clinic,True,60
2025-09-10,13:30,Dr. Smith,Main Clinic,True,60
2025-09-10,14:00,Dr. Smith,Main Clinic,True,60
2025-09-10,14:30,Dr. Smith,Main Clinic,True,60
2025-09-10,15:00,Dr. Smith,Main Clinic,True,60
2025-09-10,15:30,Dr. Smith,Main Clinic,True,60
2025-09-10,16:00,Dr. Smith,Main Clinic,True,60
2025-09-10,16:30,Dr. Smith,Main Clinic,True,60
2025-09-10,10:00,Dr. Johnson,Heart Center,True,60
2025-09-10,10:30,Dr. Johnson,Heart Center,True,60
2025-09-10,11:00,Dr. Johnson,Heart Center,True,60
2025-09-10,11:30,Dr. Johnson,Heart Center,True,60
2025-09-10,12:00,Dr. Johnson,Heart Center,True,60
2025-09-10,12:30,Dr. Johnson,Heart Center,True,60
2025-09-10,13:00,Dr. Johnson,Heart Center,True,60
2025-09-10,13:30,Dr. Johnson,Heart Center,True,60
2025-09-10,14:00,Dr. Johnson,Heart Center,True,60
2025-09-10,14:30,Dr. Johnson,Heart Center,True,60
2025-09-10,15:00,Dr. Johnson,Heart Center,True,60
2025-09-10,15:30,Dr. Johnson,Heart Center,True,60
2025-09-10,08:00,Dr. Williams,Skin Clinic,True,60
2025-09-10,08:30,Dr. Williams,Skin Clinic,True,60
2025-09-10,09:00,Dr. Williams,Skin Clinic,True,60
2025-09-10,09:30,Dr. Williams,Skin Clinic,True,60
2025-09-10,10:00,Dr. Williams,Skin Clinic,True,60
2025-09-10,10:30,Dr. Williams,Skin Clinic,True,60
2025-09-10,11:00,Dr. Williams,Skin Clinic,True,60
2025-09-10,11:30,Dr. Williams,Skin Clinic,True,60
2025-09-10,12:00,Dr. Williams,Skin Clinic,True,60
2025-09-10,12:30,Dr. Williams,Skin Clinic,True,60
2025-09-10,13:00,Dr. Williams,Skin Clinic,True,60
2025-09-10,13:30,Dr. Williams,Skin Clinic,True,60
2025-09-10,14:00,Dr. Williams,Skin Clinic,True,60
2025-09-10,14:30,Dr. Williams,Skin Clinic,True,60
2025-09-11,09:00,Dr. Smith,Main Clinic,True,60
2025-09-11,09:30,Dr. Smith,Main Clinic,True,60
2025-09-11,10:00,Dr. Smith,Main Clinic,True,60
2025-09-11,10:30,Dr. Smith,Main Clinic,True,60
2025-09-11,11:00,Dr. Smith,Main Clinic,True,60
2025-09-11,11:30,Dr. Smith,Main Clinic,True,60
2025-09-11,12:00,Dr. Smith,Main Clinic,True,60
2025-09-11,12:30,Dr. Smith,Main Clinic,True,60
2025-09-11,13:00,Dr. Smith,Main Clinic,True,60
2025-09-11,13:30,Dr. Smith,Main Clinic,True,60
2025-09-11,14:00,Dr. Smith,Main Clinic,True,60
2025-09-11,14:30,Dr. Smith,Main Clinic,True,60
2025-09-11,15:00,Dr. Smith,Main Clinic,True,60
2025-09-11,15:30,Dr. Smith,Main Clinic,True,60
2025-09-11,16:00,Dr. Smith,Main Clinic,True,60
2025-09-11,16:30,Dr. Smith,Main Clinic,True,60
2025-09-11,10:00,Dr. Johnson,Heart Center,True,60
2025-09-11,10:30,Dr. Johnson,Heart Center,True,60
2025-09-11,11:00,Dr. Johnson,Heart Center,True,60
2025-09-11,11:30,Dr. Johnson,Heart Center,True,60
2025-09-11,12:00,Dr. Johnson,Heart Center,True,60
2025-09-11,12:30,Dr. Johnson,Heart Center,True,60
2025-09-11,13:00,Dr. Johnson,Heart Center,True,60
2025-09-11,13:30,Dr. Johnson,Heart Center,True,60
2025-09-11,14:00,Dr. Johnson,Heart Center,True,60
2025-09-11,14:30,Dr. Johnson,Heart Center,True,60
2025-09-11,15:00,Dr. Johnson,Heart Center,True,60
2025-09-11,15:30,Dr. Johnson,Heart Center,True,60
2025-09-11,11:00,Dr. Brown,Bone & Joint Center,True,60
2025-09-11,11:30,Dr. Brown,Bone & Joint Center,True,60
2025-09-11,12:00,Dr. Brown,Bone & Joint Center,True,60
2025-09-11,12:30,Dr. Brown,Bone & Joint Center,True,60
2025-09-11,13:00,Dr. Brown,Bone & Joint Center,True,60
2025-09-11,13:30,Dr. Brown,Bone & Joint Center,True,60
2025-09-11,14:00,Dr. Brown,Bone & Joint Center,True,60
2025-09-11,14:30,Dr. Brown,Bone & Joint Center,True,60
2025-09-11,15:00,Dr. Brown,Bone & Joint Center,True,60
2025-09-11,15:30,Dr. Brown,Bone & Joint Center,True,60
2025-09-11,16:00,Dr. Brown,Bone & Joint Center,True,60
2025-09-11,16:30,Dr. Brown,Bone & Joint Center,True,60
2025-09-11,17:00,Dr. Brown,Bone & Joint Center,True,60
2025-09-11,17:30,Dr. Brown,Bone & Joint Center,True,60
2025-09-12,09:00,Dr. Smith,Main Clinic,True,60
2025-09-12,09:30,Dr. Smith,Main Clinic,True,60
2025-09-12,10:00,Dr. Smith,Main Clinic,True,60
2025-09-12,10:30,Dr. Smith,Main Clinic,True,60
2025-09-12,11:00,Dr. Smith,Main Clinic,True,60
2025-09-12,11:30,Dr. Smith,Main Clinic,True,60
2025-09-12,12:00,Dr. Smith,Main Clinic,True,60
2025-09-12,12:30,Dr. Smith,Main Clinic,True,60
2025-09-12,13:00,Dr. Smith,Main Clinic,True,60
2025-09-12,13:30,Dr. Smith,Main Clinic,True,60
2025-09-12,14:00,Dr. Smith,Main Clinic,True,60
2025-09-12,14:30,Dr. Smith,Main Clinic,True,60
2025-09-12,15:00,Dr. Smith,Main Clinic,True,60
2025-09-12,15:30,Dr. Smith,Main Clinic,True,60
2025-09-12,16:00,Dr. Smith,Main Clinic,True,60
2025-09-12,16:30,Dr. Smith,Main Clinic,True,60
2025-09-12,08:00,Dr. Williams,Skin Clinic,True,60
2025-09-12,08:30,Dr. Williams,Skin Clinic,True,60
2025-09-12,09:00,Dr. Williams,Skin Clinic,True,60
2025-09-12,09:30,Dr. Williams,Skin Clinic,True,60
2025-09-12,10:00,Dr. Williams,Skin Clinic,True,60
2025-09-12,10:30,Dr. Williams,Skin Clinic,True,60
2025-09-12,11:00,Dr. Williams,Skin Clinic,True,60
2025-09-12,11:30,Dr. Williams,Skin Clinic,True,60
2025-09-12,12:00,Dr. Williams,Skin Clinic,True,60
2025-09-12,12:30,Dr. Williams,Skin Clinic,True,60
2025-09-12,13:00,Dr. Williams,Skin Clinic,True,60
2025-09-12,13:30,Dr. Williams,Skin Clinic,True,60
2025-09-12,14:00,Dr. Williams,Skin Clinic,True,60
2025-09-12,14:30,Dr. Williams,Skin Clinic,True,60
2025-09-12,11:00,Dr. Brown,Bone & Joint Center,True,60
2025-09-12,11:30,Dr. Brown,Bone & Joint Center,True,60
2025-09-12,12:00,Dr. Brown,Bone & Joint Center,True,60
2025-09-12,12:30,Dr. Brown,Bone & Joint Center,True,60
2025-09-12,13:00,Dr. Brown,Bone & Joint Center,True,60
2025-09-12,13:30,Dr. Brown,Bone & Joint Center,True,60
2025-09-12,14:00,Dr. Brown,Bone & Joint Center,True,60
2025-09-12,14:30,Dr. Brown,Bone & Joint Center,True,60
2025-09-12,15:00,Dr. Brown,Bone & Joint Center,True,60
2025-09-12,15:30,Dr. Brown,Bone & Joint Center,True,60
2025-09-12,16:00,Dr. Brown,Bone & Joint Center,True,60
2025-09-12,16:30,Dr. Brown,Bone & Joint Center,True,60
2025-09-12,17:00,Dr. Brown,Bone & Joint Center,True,60
2025-09-12,17:30,Dr. Brown,Bone & Joint Center,True,60
2025-09-15,09:00,Dr. Smith,Main Clinic,True,60
2025-09-15,09:30,Dr. Smith,Main Clinic,True,60
2025-09-15,10:00,Dr. Smith,Main Clinic,True,60
2025-09-15,10:30,Dr. Smith,Main Clinic,True,60
2025-09-15,11:00,Dr. Smith,Main Clinic,True,60
2025-09-15,11:30,Dr. Smith,Main Clinic,True,60
2025-09-15,12:00,Dr. Smith,Main Clinic,True,60
2025-09-15,12:30,Dr. Smith,Main Clinic,True,60
2025-09-15,13:00,Dr. Smith,Main Clinic,True,60
2025-09-15,13:30,Dr. Smith,Main Clinic,True,60
2025-09-15,14:00,Dr. Smith,Main Clinic,True,60
2025-09-15,14:30,Dr. Smith,Main Clinic,True,60
2025-09-15,15:00,Dr. Smith,Main Clinic,True,60
2025-09-15,15:30,Dr. Smith,Main Clinic,True,60
2025-09-15,16:00,Dr. Smith,Main Clinic,True,60
2025-09-15,16:30,Dr. Smith,Main Clinic,True,60
2025-09-15,08:00,Dr. Williams,Skin Clinic,True,60
2025-09-15,08:30,Dr. Williams,Skin Clinic,True,60
2025-09-15,09:00,Dr. Williams,Skin Clinic,True,60
2025-09-15,09:30,Dr. Williams,Skin Clinic,True,60
2025-09-15,10:00,Dr. Williams,Skin Clinic,True,60
2025-09-15,10:30,Dr. Williams,Skin Clinic,True,60
2025-09-15,11:00,Dr. Williams,Skin Clinic,True,60
2025-09-15,11:30,Dr. Williams,Skin Clinic,True,60
2025-09-15,12:00,Dr. Williams,Skin Clinic,True,60
2025-09-15,12:30,Dr. Williams,Skin Clinic,True,60
2025-09-15,13:00,Dr. Williams,Skin Clinic,True,60
2025-09-15,13:30,Dr. Williams,Skin Clinic,True,60
2025-09-15,14:00,Dr. Williams,Skin Clinic,True,60
2025-09-15,14:30,Dr. Williams,Skin Clinic,True,60
2025-09-16,09:00,Dr. Smith,Main Clinic,True,60
2025-09-16,09:30,Dr. Smith,Main Clinic,True,60
2025-09-16,10:00,Dr. Smith,Main Clinic,True,60
2025-09-16,10:30,Dr. Smith,Main Clinic,True,60
2025-09-16,11:00,Dr. Smith,Main Clinic,True,60
2025-09-16,11:30,Dr. Smith,Main Clinic,True,60
2025-09-16,12:00,Dr. Smith,Main Clinic,True,60
2025-09-16,12:30,Dr. Smith,Main Clinic,True,60
2025-09-16,13:00,Dr. Smith,Main Clinic,True,60
2025-09-16,13:30,Dr. Smith,Main Clinic,True,60
2025-09-16,14:00,Dr. Smith,Main Clinic,True,60
2025-09-16,14:30,Dr. Smith,Main Clinic,True,60
2025-09-16,15:00,Dr. Smith,Main Clinic,True,60
2025-09-16,15:30,Dr. Smith,Main Clinic,True,60
2025-09-16,16:00,Dr. Smith,Main Clinic,True,60
2025-09-16,16:30,Dr. Smith,Main Clinic,True,60
2025-09-16,10:00,Dr. Johnson,Heart Center,True,60
2025-09-16,10:30,Dr. Johnson,Heart Center,True,60
2025-09-16,11:00,Dr. Johnson,Heart Center,True,60
2025-09-16,11:30,Dr. Johnson,Heart Center,True,60
2025-09-16,12:00,Dr. Johnson,Heart Center,True,60
2025-09-16,12:30,Dr. Johnson,Heart Center,True,60
2025-09-16,13:00,Dr. Johnson,Heart Center,True,60
2025-09-16,13:30,Dr. Johnson,Heart Center,True,60
2025-09-16,14:00,Dr. Johnson,Heart Center,True,60
2025-09-16,14:30,Dr. Johnson,Heart Center,True,60
2025-09-16,15:00,Dr. Johnson,Heart Center,True,60
2025-09-16,15:30,Dr. Johnson,Heart Center,True,60
2025-09-16,11:00,Dr. Brown,Bone & Joint Center,True,60
2025-09-16,11:30,Dr. Brown,Bone & Joint Center,True,60
2025-09-16,12:00,Dr. Brown,Bone & Joint Center,True,60
2025-09-16,12:30,Dr. Brown,Bone & Joint Center,True,60
2025-09-16,13:00,Dr. Brown,Bone & Joint Center,True,60
2025-09-16,13:30,Dr. Brown,Bone & Joint Center,True,60
2025-09-16,14:00,Dr. Brown,Bone & Joint Center,True,60
2025-09-16,14:30,Dr. Brown,Bone & Joint Center,True,60
2025-09-16,15:00,Dr. Brown,Bone & Joint Center,True,60
2025-09-16,15:30,Dr. Brown,Bone & Joint Center,True,60
2025-09-16,16:00,Dr. Brown,Bone & Joint Center,True,60
2025-09-16,16:30,Dr. Brown,Bone & Joint Center,True,60
2025-09-16,17:00,Dr. Brown,Bone & Joint Center,True,60
2025-09-16,17:30,Dr. Brown,Bone & Joint Center,True,60
2025-09-17,09:00,Dr. Smith,Main Clinic,True,60
2025-09-17,09:30,Dr. Smith,Main Clinic,True,60
2025-09-17,10:00,Dr. Smith,Main Clinic,True,60
2025-09-17,10:30,Dr. Smith,Main Clinic,True,60
2025-09-17,11:00,Dr. Smith,Main Clinic,True,60
2025-09-17,11:30,Dr. Smith,Main Clinic,True,60
2025-09-17,12:00,Dr. Smith,Main Clinic,True,60
2025-09-17,12:30,Dr. Smith,Main Clinic,True,60
2025-09-17,13:00,Dr. Smith,Main Clinic,True,60
2025-09-17,13:30,Dr. Smith,Main Clinic,True,60
2025-09-17,14:00,Dr. Smith,Main Clinic,True,60
2025-09-17,14:30,Dr. Smith,Main Clinic,True,60
2025-09-17,15:00,Dr. Smith,Main Clinic,True,60
2025-09-17,15:30,Dr. Smith,Main Clinic,True,60
2025-09-17,16:00,Dr. Smith,Main Clinic,True,60
2025-09-17,16:30,Dr. Smith,Main Clinic,True,60
2025-09-17,10:00,Dr. Johnson,Heart Center,True,60
2025-09-17,10:30,Dr. Johnson,Heart Center,True,60
2025-09-17,11:00,Dr. Johnson,Heart Center,True,60
2025-09-17,11:30,Dr. Johnson,Heart Center,True,60
2025-09-17,12:00,Dr. Johnson,Heart Center,True,60
2025-09-17,12:30,Dr. Johnson,Heart Center,True,60
2025-09-17,13:00,Dr. Johnson,Heart Center,True,60
2025-09-17,13:30,Dr. Johnson,Heart Center,True,60
2025-09-17,14:00,Dr. Johnson,Heart Center,True,60
2025-09-17,14:30,Dr. Johnson,Heart Center,True,60
2025-09-17,15:00,Dr. Johnson,Heart Center,True,60
2025-09-17,15:30,Dr. Johnson,Heart Center,True,60
2025-09-17,08:00,Dr. Williams,Skin Clinic,True,60
2025-09-17,08:30,Dr. Williams,Skin Clinic,True,60
2025-09-17,09:00,Dr. Williams,Skin Clinic,True,60
2025-09-17,09:30,Dr. Williams,Skin Clinic,True,60
2025-09-17,10:00,Dr. Williams,Skin Clinic,True,60
2025-09-17,10:30,Dr. Williams,Skin Clinic,True,60
2025-09-17,11:00,Dr. Williams,Skin Clinic,True,60
2025-09-17,11:30,Dr. Williams,Skin Clinic,True,60
2025-09-17,12:00,Dr. Williams,Skin Clinic,True,60
2025-09-17,12:30,Dr. Williams,Skin Clinic,True,60
2025-09-17,13:00,Dr. Williams,Skin Clinic,True,60
2025-09-17,13:30,Dr. Williams,Skin Clinic,True,60
2025-09-17,14:00,Dr. Williams,Skin Clinic,True,60
2025-09-17,14:30,Dr. Williams,Skin Clinic,True,60
2025-09-18,09:00,Dr. Smith,Main Clinic,True,60
2025-09-18,09:30,Dr. Smith,Main Clinic,True,60
2025-09-18,10:00,Dr. Smith,Main Clinic,True,60
2025-09-18,10:30,Dr. Smith,Main Clinic,True,60
2025-09-18,11:00,Dr. Smith,Main Clinic,True,60
2025-09-18,11:30,Dr. Smith,Main Clinic,True,60
2025-09-18,12:00,Dr. Smith,Main Clinic,True,60
2025-09-18,12:30,Dr. Smith,Main Clinic,True,60
2025-09-18,13:00,Dr. Smith,Main Clinic,True,60
2025-09-18,13:30,Dr. Smith,Main Clinic,True,60
2025-09-18,14:00,Dr. Smith,Main Clinic,True,60
2025-09-18,14:30,Dr. Smith,Main Clinic,True,60
2025-09-18,15:00,Dr. Smith,Main Clinic,True,60
2025-09-18,15:30,Dr. Smith,Main Clinic,True,60
2025-09-18,16:00,Dr. Smith,Main Clinic,True,60
2025-09-18,16:30,Dr. Smith,Main Clinic,True,60
2025-09-18,10:00,Dr. Johnson,Heart Center,True,60
2025-09-18,10:30,Dr. Johnson,Heart Center,True,60
2025-09-18,11:00,Dr. Johnson,Heart Center,True,60
2025-09-18,11:30,Dr. Johnson,Heart Center,True,60
2025-09-18,12:00,Dr. Johnson,Heart Center,True,60
2025-09-18,12:30,Dr. Johnson,Heart Center,True,60
2025-09-18,13:00,Dr. Johnson,Heart Center,True,60
2025-09-18,13:30,Dr. Johnson,Heart Center,True,60
2025-09-18,14:00,Dr. Johnson,Heart Center,True,60
2025-09-18,14:30,Dr. Johnson,Heart Center,True,60
2025-09-18,15:00,Dr. Johnson,Heart Center,True,60
2025-09-18,15:30,Dr. Johnson,Heart Center,True,60
2025-09-18,11:00,Dr. Brown,Bone & Joint Center,True,60
2025-09-18,11:30,Dr. Brown,Bone & Joint Center,True,60
2025-09-18,12:00,Dr. Brown,Bone & Joint Center,True,60
2025-09-18,12:30,Dr. Brown,Bone & Joint Center,True,60
2025-09-18,13:00,Dr. Brown,Bone & Joint Center,True,60
2025-09-18,13:30,Dr. Brown,Bone & Joint Center,True,60
2025-09-18,14:00,Dr. Brown,Bone & Joint Center,True,60
2025-09-18,14:30,Dr. Brown,Bone & Joint Center,True,60
2025-09-18,15:00,Dr. Brown,Bone & Joint Center,True,60
2025-09-18,15:30,Dr. Brown,Bone & Joint Center,True,60
2025-09-18,16:00,Dr. Brown,Bone & Joint Center,True,60
2025-09-18,16:30,Dr. Brown,Bone & Joint Center,True,60
2025-09-18,17:00,Dr. Brown,Bone & Joint Center,True,60
2025-09-18,17:30,Dr. Brown,Bone & Joint Center,True,60
2025-09-19,09:00,Dr. Smith,Main Clinic,True,60
2025-09-19,09:30,Dr. Smith,Main Clinic,True,60
2025-09-19,10:00,Dr. Smith,Main Clinic,True,60
2025-09-19,10:30,Dr. Smith,Main Clinic,True,60
2025-09-19,11:00,Dr. Smith,Main Clinic,True,60
2025-09-19,11:30,Dr. Smith,Main Clinic,True,60
2025-09-19,12:00,Dr. Smith,Main Clinic,True,60
2025-09-19,12:30,Dr. Smith,Main Clinic,True,60
2025-09-19,13:00,Dr. Smith,Main Clinic,True,60
2025-09-19,13:30,Dr. Smith,Main Clinic,True,60
2025-09-19,14:00,Dr. Smith,Main Clinic,True,60
2025-09-19,14:30,Dr. Smith,Main Clinic,True,60
2025-09-19,15:00,Dr. Smith,Main Clinic,True,60
2025-09-19,15:30,Dr. Smith,Main Clinic,True,60
2025-09-19,16:00,Dr. Smith,Main Clinic,True,60
2025-09-19,16:30,Dr. Smith,Main Clinic,True,60
2025-09-19,08:00,Dr. Williams,Skin Clinic,True,60
2025-09-19,08:30,Dr. Williams,Skin Clinic,True,60
2025-09-19,09:00,Dr. Williams,Skin Clinic,True,60
2025-09-19,09:30,Dr. Williams,Skin Clinic,True,60
2025-09-19,10:00,Dr. Williams,Skin Clinic,True,60
2025-09-19,10:30,Dr. Williams,Skin Clinic,True,60
2025-09-19,11:00,Dr. Williams,Skin Clinic,True,60
2025-09-19,11:30,Dr. Williams,Skin Clinic,True,60
2025-09-19,12:00,Dr. Williams,Skin Clinic,True,60
2025-09-19,12:30,Dr. Williams,Skin Clinic,True,60
2025-09-19,13:00,Dr. Williams,Skin Clinic,True,60
2025-09-19,13:30,Dr. Williams,Skin Clinic,True,60
2025-09-19,14:00,Dr. Williams,Skin Clinic,True,60
2025-09-19,14:30,Dr. Williams,Skin Clinic,True,60
2025-09-19,11:00,Dr. Brown,Bone & Joint Center,True,60
2025-09-19,11:30,Dr. Brown,Bone & Joint Center,True,60
2025-09-19,12:00,Dr. Brown,Bone & Joint Center,True,60
2025-09-19,12:30,Dr. Brown,Bone & Joint Center,True,60
2025-09-19,13:00,Dr. Brown,Bone & Joint Center,True,60
2025-09-19,13:30,Dr. Brown,Bone & Joint Center,True,60
2025-09-19,14:00,Dr. Brown,Bone & Joint Center,True,60
2025-09-19,14:30,Dr. Brown,Bone & Joint Center,True,60
2025-09-19,15:00,Dr. Brown,Bone & Joint Center,True,60
2025-09-19,15:30,Dr. Brown,Bone & Joint Center,True,60
2025-09-19,16:00,Dr. Brown,Bone & Joint Center,True,60
2025-09-19,16:30,Dr. Brown,Bone & Joint Center,True,60
2025-09-19,17:00,Dr. Brown,Bone & Joint Center,True,60
2025-09-19,17:30,Dr. Brown,Bone & Joint Center,True,60
2025-09-22,09:00,Dr. Smith,Main Clinic,True,60
2025-09-22,09:30,Dr. Smith,Main Clinic,True,60
2025-09-22,10:00,Dr. Smith,Main Clinic,True,60
2025-09-22,10:30,Dr. Smith,Main Clinic,True,60
2025-09-22,11:00,Dr. Smith,Main Clinic,True,60
2025-09-22,11:30,Dr. Smith,Main Clinic,True,60
2025-09-22,12:00,Dr. Smith,Main Clinic,True,60
2025-09-22,12:30,Dr. Smith,Main Clinic,True,60
2025-09-22,13:00,Dr. Smith,Main Clinic,True,60
2025-09-22,13:30,Dr. Smith,Main Clinic,True,60
2025-09-22,14:00,Dr. Smith,Main Clinic,True,60
2025-09-22,14:30,Dr. Smith,Main Clinic,True,60
2025-09-22,15:00,Dr. Smith,Main Clinic,True,60
2025-09-22,15:30,Dr. Smith,Main Clinic,True,60
2025-09-22,16:00,Dr. Smith,Main Clinic,True,60
2025-09-22,16:30,Dr. Smith,Main Clinic,True,60
2025-09-22,08:00,Dr. Williams,Skin Clinic,True,60
2025-09-22,08:30,Dr. Williams,Skin Clinic,True,60
2025-09-22,09:00,Dr. Williams,Skin Clinic,True,60
2025-09-22,09:30,Dr. Williams,Skin Clinic,True,60
2025-09-22,10:00,Dr. Williams,Skin Clinic,True,60
2025-09-22,10:30,Dr. Williams,Skin Clinic,True,60
2025-09-22,11:00,Dr. Williams,Skin Clinic,True,60
2025-09-22,11:30,Dr. Williams,Skin Clinic,True,60
2025-09-22,12:00,Dr. Williams,Skin Clinic,True,60
2025-09-22,12:30,Dr. Williams,Skin Clinic,True,60
2025-09-22,13:00,Dr. Williams,Skin Clinic,True,60
2025-09-22,13:30,Dr. Williams,Skin Clinic,True,60
2025-09-22,14:00,Dr. Williams,Skin Clinic,True,60
2025-09-22,14:30,Dr. Williams,Skin Clinic,True,60
2025-09-23,09:00,Dr. Smith,Main Clinic,True,60
2025-09-23,09:30,Dr. Smith,Main Clinic,True,60
2025-09-23,10:00,Dr. Smith,Main Clinic,True,60
2025-09-23,10:30,Dr. Smith,Main Clinic,True,60
2025-09-23,11:00,Dr. Smith,Main Clinic,True,60
2025-09-23,11:30,Dr. Smith,Main Clinic,True,60
2025-09-23,12:00,Dr. Smith,Main Clinic,True,60
2025-09-23,12:30,Dr. Smith,Main Clinic,True,60
2025-09-23,13:00,Dr. Smith,Main Clinic,True,60
2025-09-23,13:30,Dr. Smith,Main Clinic,True,60
2025-09-23,14:00,Dr. Smith,Main Clinic,True,60
2025-09-23,14:30,Dr. Smith,Main Clinic,True,60
2025-09-23,15:00,Dr. Smith,Main Clinic,True,60
2025-09-23,15:30,Dr. Smith,Main Clinic,True,60
2025-09-23,16:00,Dr. Smith,Main Clinic,True,60
2025-09-23,16:30,Dr. Smith,Main Clinic,True,60
2025-09-23,10:00,Dr. Johnson,Heart Center,True,60
2025-09-23,10:30,Dr. Johnson,Heart Center,True,60
2025-09-23,11:00,Dr. Johnson,Heart Center,True,60
2025-09-23,11:30,Dr. Johnson,Heart Center,True,60
2025-09-23,12:00,Dr. Johnson,Heart Center,True,60
2025-09-23,12:30,Dr. Johnson,Heart Center,True,60
2025-09-23,13:00,Dr. Johnson,Heart Center,True,60
2025-09-23,13:30,Dr. Johnson,Heart Center,True,60
2025-09-23,14:00,Dr. Johnson,Heart Center,True,60
2025-09-23,14:30,Dr. Johnson,Heart Center,True,60
2025-09-23,15:00,Dr. Johnson,Heart Center,True,60
2025-09-23,15:30,Dr. Johnson,Heart Center,True,60
2025-09-23,11:00,Dr. Brown,Bone & Joint Center,True,60
2025-09-23,11:30,Dr. Brown,Bone & Joint Center,True,60
2025-09-23,12:00,Dr. Brown,Bone & Joint Center,True,60
2025-09-23,12:30,Dr. Brown,Bone & Joint Center,True,60
2025-09-23,13:00,Dr. Brown,Bone & Joint Center,True,60
2025-09-23,13:30,Dr. Brown,Bone & Joint Center,True,60
2025-09-23,14:00,Dr. Brown,Bone & Joint Center,True,60
2025-09-23,14:30,Dr. Brown,Bone & Joint Center,True,60
2025-09-23,15:00,Dr. Brown,Bone & Joint Center,True,60
2025-09-23,15:30,Dr. Brown,Bone & Joint Center,True,60
2025-09-23,16:00,Dr. Brown,Bone & Joint Center,True,60
2025-09-23,16:30,Dr. Brown,Bone & Joint Center,True,60
2025-09-23,17:00,Dr. Brown,Bone & Joint Center,True,60
2025-09-23,17:30,Dr. Brown,Bone & Joint Center,True,60
2025-09-24,09:00,Dr. Smith,Main Clinic,True,60
2025-09-24,09:30,Dr. Smith,Main Clinic,True,60
2025-09-24,10:00,Dr. Smith,Main Clinic,True,60
2025-09-24,10:30,Dr. Smith,Main Clinic,True,60
2025-09-24,11:00,Dr. Smith,Main Clinic,True,60
2025-09-24,11:30,Dr. Smith,Main Clinic,True,60
2025-09-24,12:00,Dr. Smith,Main Clinic,True,60
2025-09-24,12:30,Dr. Smith,Main Clinic,True,60
2025-09-24,13:00,Dr. Smith,Main Clinic,True,60
2025-09-24,13:30,Dr. Smith,Main Clinic,True,60
2025-09-24,14:00,Dr. Smith,Main Clinic,True,60
2025-09-24,14:30,Dr. Smith,Main Clinic,True,60
2025-09-24,15:00,Dr. Smith,Main Clinic,True,60
2025-09-24,15:30,Dr. Smith,Main Clinic,True,60
2025-09-24,16:00,Dr. Smith,Main Clinic,True,60
2025-09-24,16:30,Dr. Smith,Main Clinic,True,60
2025-09-24,10:00,Dr. Johnson,Heart Center,True,60
2025-09-24,10:30,Dr. Johnson,Heart Center,True,60
2025-09-24,11:00,Dr. Johnson,Heart Center,True,60
2025-09-24,11:30,Dr. Johnson,Heart Center,True,60
2025-09-24,12:00,Dr. Johnson,Heart Center,True,60
2025-09-24,12:30,Dr. Johnson,Heart Center,True,60
2025-09-24,13:00,Dr. Johnson,Heart Center,True,60
2025-09-24,13:30,Dr. Johnson,Heart Center,True,60
2025-09-24,14:00,Dr. Johnson,Heart Center,True,60
2025-09-24,14:30,Dr. Johnson,Heart Center,True,60
2025-09-24,15:00,Dr. Johnson,Heart Center,True,60
2025-09-24,15:30,Dr. Johnson,Heart Center,True,60
2025-09-24,08:00,Dr. Williams,Skin Clinic,True,60
2025-09-24,08:30,Dr. Williams,Skin Clinic,True,60
2025-09-24,09:00,Dr. Williams,Skin Clinic,True,60
2025-09-24,09:30,Dr. Williams,Skin Clinic,True,60
2025-09-24,10:00,Dr. Williams,Skin Clinic,True,60
2025-09-24,10:30,Dr. Williams,Skin Clinic,True,60
2025-09-24,11:00,Dr. Williams,Skin Clinic,True,60
2025-09-24,11:30,Dr. Williams,Skin Clinic,True,60
2025-09-24,12:00,Dr. Williams,Skin Clinic,True,60
2025-09-24,12:30,Dr. Williams,Skin Clinic,True,60
2025-09-24,13:00,Dr. Williams,Skin Clinic,True,60
2025-09-24,13:30,Dr. Williams,Skin Clinic,True,60
2025-09-24,14:00,Dr. Williams,Skin Clinic,True,60
2025-09-24,14:30,Dr. Williams,Skin Clinic,True,60
2025-09-25,09:00,Dr. Smith,Main Clinic,True,60
2025-09-25,09:30,Dr. Smith,Main Clinic,True,60
2025-09-25,10:00,Dr. Smith,Main Clinic,True,60
2025-09-25,10:30,Dr. Smith,Main Clinic,True,60
2025-09-25,11:00,Dr. Smith,Main Clinic,True,60
2025-09-25,11:30,Dr. Smith,Main Clinic,True,60
2025-09-25,12:00,Dr. Smith,Main Clinic,True,60
2025-09-25,12:30,Dr. Smith,Main Clinic,True,60
2025-09-25,13:00,Dr. Smith,Main Clinic,True,60
2025-09-25,13:30,Dr. Smith,Main Clinic,True,60
2025-09-25,14:00,Dr. Smith,Main Clinic,True,60
2025-09-25,14:30,Dr. Smith,Main Clinic,True,60
2025-09-25,15:00,Dr. Smith,Main Clinic,True,60
2025-09-25,15:30,Dr. Smith,Main Clinic,True,60
2025-09-25,16:00,Dr. Smith,Main Clinic,True,60
2025-09-25,16:30,Dr. Smith,Main Clinic,True,60
2025-09-25,10:00,Dr. Johnson,Heart Center,True,60
2025-09-25,10:30,Dr. Johnson,Heart Center,True,60
2025-09-25,11:00,Dr. Johnson,Heart Center,True,60
2025-09-25,11:30,Dr. Johnson,Heart Center,True,60
2025-09-25,12:00,Dr. Johnson,Heart Center,True,60
2025-09-25,12:30,Dr. Johnson,Heart Center,True,60
2025-09-25,13:00,Dr. Johnson,Heart Center,True,60
2025-09-25,13:30,Dr. Johnson,Heart Center,True,60
2025-09-25,14:00,Dr. Johnson,Heart Center,True,60
2025-09-25,14:30,Dr. Johnson,Heart Center,True,60
2025-09-25,15:00,Dr. Johnson,Heart Center,True,60
2025-09-25,15:30,Dr. Johnson,Heart Center,True,60
2025-09-25,11:00,Dr. Brown,Bone & Joint Center,True,60
2025-09-25,11:30,Dr. Brown,Bone & Joint Center,True,60
2025-09-25,12:00,Dr. Brown,Bone & Joint Center,True,60
2025-09-25,12:30,Dr. Brown,Bone & Joint Center,True,60
2025-09-25,13:00,Dr. Brown,Bone & Joint Center,True,60
2025-09-25,13:30,Dr. Brown,Bone & Joint Center,True,60
2025-09-25,14:00,Dr. Brown,Bone & Joint Center,True,60
2025-09-25,14:30,Dr. Brown,Bone & Joint Center,True,60
2025-09-25,15:00,Dr. Brown,Bone & Joint Center,True,60
2025-09-25,15:30,Dr. Brown,Bone & Joint Center,True,60
2025-09-25,16:00,Dr. Brown,Bone & Joint Center,True,60
2025-09-25,16:30,Dr. Brown,Bone & Joint Center,True,60
2025-09-25,17:00,Dr. Brown,Bone & Joint Center,True,60
2025-09-25,17:30,Dr. Brown,Bone & Joint Center,True,60
2025-09-26,09:00,Dr. Smith,Main Clinic,True,60
2025-09-26,09:30,Dr. Smith,Main Clinic,True,60
2025-09-26,10:00,Dr. Smith,Main Clinic,True,60
2025-09-26,10:30,Dr. Smith,Main Clinic,True,60
2025-09-26,11:00,Dr. Smith,Main Clinic,True,60
2025-09-26,11:30,Dr. Smith,Main Clinic,True,60
2025-09-26,12:00,Dr. Smith,Main Clinic,True,60
2025-09-26,12:30,Dr. Smith,Main Clinic,True,60
2025-09-26,13:00,Dr. Smith,Main Clinic,True,60
2025-09-26,13:30,Dr. Smith,Main Clinic,True,60
2025-09-26,14:00,Dr. Smith,Main Clinic,True,60
2025-09-26,14:30,Dr. Smith,Main Clinic,True,60
2025-09-26,15:00,Dr. Smith,Main Clinic,True,60
2025-09-26,15:30,Dr. Smith,Main Clinic,True,60
2025-09-26,16:00,Dr. Smith,Main Clinic,True,60
2025-09-26,16:30,Dr. Smith,Main Clinic,True,60
2025-09-26,08:00,Dr. Williams,Skin Clinic,True,60
2025-09-26,08:30,Dr. Williams,Skin Clinic,True,60
2025-09-26,09:00,Dr. Williams,Skin Clinic,True,60
2025-09-26,09:30,Dr. Williams,Skin Clinic,True,60
2025-09-26,10:00,Dr. Williams,Skin Clinic,True,60
2025-09-26,10:30,Dr. Williams,Skin Clinic,True,60
2025-09-26,11:00,Dr. Williams,Skin Clinic,True,60
2025-09-26,11:30,Dr. Williams,Skin Clinic,True,60
2025-09-26,12:00,Dr. Williams,Skin Clinic,True,60
2025-09-26,12:30,Dr. Williams,Skin Clinic,True,60
2025-09-26,13:00,Dr. Williams,Skin Clinic,True,60
2025-09-26,13:30,Dr. Williams,Skin Clinic,True,60
2025-09-26,14:00,Dr. Williams,Skin Clinic,True,60
2025-09-26,14:30,Dr. Williams,Skin Clinic,True,60
2025-09-26,11:00,Dr. Brown,Bone & Joint Center,True,60
2025-09-26,11:30,Dr. Brown,Bone & Joint Center,True,60
2025-09-26,12:00,Dr. Brown,Bone & Joint Center,True,60
2025-09-26,12:30,Dr. Brown,Bone & Joint Center,True,60
2025-09-26,13:00,Dr. Brown,Bone & Joint Center,True,60
2025-09-26,13:30,Dr. Brown,Bone & Joint Center,True,60
2025-09-26,14:00,Dr. Brown,Bone & Joint Center,True,60
2025-09-26,14:30,Dr. Brown,Bone & Joint Center,True,60
2025-09-26,15:00,Dr. Brown,Bone & Joint Center,True,60
2025-09-26,15:30,Dr. Brown,Bone & Joint Center,True,60
2025-09-26,16:00,Dr. Brown,Bone & Joint Center,True,60
2025-09-26,16:30,Dr. Brown,Bone & Joint Center,True,60
2025-09-26,17:00,Dr. Brown,Bone & Joint Center,True,60
2025-09-26,17:30,Dr. Brown,Bone & Joint Center,True,60
2025-09-29,09:00,Dr. Smith,Main Clinic,True,60
2025-09-29,09:30,Dr. Smith,Main Clinic,True,60
2025-09-29,10:00,Dr. Smith,Main Clinic,True,60
2025-09-29,10:30,Dr. Smith,Main Clinic,True,60
2025-09-29,11:00,Dr. Smith,Main Clinic,True,60
2025-09-29,11:30,Dr. Smith,Main Clinic,True,60
2025-09-29,12:00,Dr. Smith,Main Clinic,True,60
2025-09-29,12:30,Dr. Smith,Main Clinic,True,60
2025-09-29,13:00,Dr. Smith,Main Clinic,True,60
2025-09-29,13:30,Dr. Smith,Main Clinic,True,60
2025-09-29,14:00,Dr. Smith,Main Clinic,True,60
2025-09-29,14:30,Dr. Smith,Main Clinic,True,60
2025-09-29,15:00,Dr. Smith,Main Clinic,True,60
2025-09-29,15:30,Dr. Smith,Main Clinic,True,60
2025-09-29,16:00,Dr. Smith,Main Clinic,True,60
2025-09-29,16:30,Dr. Smith,Main Clinic,True,60
2025-09-29,08:00,Dr. Williams,Skin Clinic,True,60
2025-09-29,08:30,Dr. Williams,Skin Clinic,True,60
2025-09-29,09:00,Dr. Williams,Skin Clinic,True,60
2025-09-29,09:30,Dr. Williams,Skin Clinic,True,60
2025-09-29,10:00,Dr. Williams,Skin Clinic,True,60
2025-09-29,10:30,Dr. Williams,Skin Clinic,True,60
2025-09-29,11:00,Dr. Williams,Skin Clinic,True,60
2025-09-29,11:30,Dr. Williams,Skin Clinic,True,60
2025-09-29,12:00,Dr. Williams,Skin Clinic,True,60
2025-09-29,12:30,Dr. Williams,Skin Clinic,True,60
2025-09-29,13:00,Dr. Williams,Skin Clinic,True,60
2025-09-29,13:30,Dr. Williams,Skin Clinic,True,60
2025-09-29,14:00,Dr. Williams,Skin Clinic,True,60
2025-09-29,14:30,Dr. Williams,Skin Clinic,True,60
2025-09-30,09:00,Dr. Smith,Main Clinic,True,60
2025-09-30,09:30,Dr. Smith,Main Clinic,True,60
2025-09-30,10:00,Dr. Smith,Main Clinic,True,60
2025-09-30,10:30,Dr. Smith,Main Clinic,True,60
2025-09-30,11:00,Dr. Smith,Main Clinic,True,60
2025-09-30,11:30,Dr. Smith,Main Clinic,True,60
2025-09-30,12:00,Dr. Smith,Main Clinic,True,60
2025-09-30,12:30,Dr. Smith,Main Clinic,True,60
2025-09-30,13:00,Dr. Smith,Main Clinic,True,60
2025-09-30,13:30,Dr. Smith,Main Clinic,True,60
2025-09-30,14:00,Dr. Smith,Main Clinic,True,60
2025-09-30,14:30,Dr. Smith,Main Clinic,True,60
2025-09-30,15:00,Dr. Smith,Main Clinic,True,60
2025-09-30,15:30,Dr. Smith,Main Clinic,True,60
2025-09-30,16:00,Dr. Smith,Main Clinic,True,60
2025-09-30,16:30,Dr. Smith,Main Clinic,True,60
2025-09-30,10:00,Dr. Johnson,Heart Center,True,60
2025-09-30,10:30,Dr. Johnson,Heart Center,True,60
2025-09-30,11:00,Dr. Johnson,Heart Center,True,60
2025-09-30,11:30,Dr. Johnson,Heart Center,True,60
2025-09-30,12:00,Dr. Johnson,Heart Center,True,60
2025-09-30,12:30,Dr. Johnson,Heart Center,True,60
2025-09-30,13:00,Dr. Johnson,Heart Center,True,60
2025-09-30,13:30,Dr. Johnson,Heart Center,True,60
2025-09-30,14:00,Dr. Johnson,Heart Center,True,60
2025-09-30,14:30,Dr. Johnson,Heart Center,True,60
2025-09-30,15:00,Dr. Johnson,Heart Center,True,60
2025-09-30,15:30,Dr. Johnson,Heart Center,True,60
2025-09-30,11:00,Dr. Brown,Bone & Joint Center,True,60
2025-09-30,11:30,Dr. Brown,Bone & Joint Center,True,60
2025-09-30,12:00,Dr. Brown,Bone & Joint Center,True,60
2025-09-30,12:30,Dr. Brown,Bone & Joint Center,True,60
2025-09-30,13:00,Dr. Brown,Bone & Joint Center,True,60
2025-09-30,13:30,Dr. Brown,Bone & Joint Center,True,60
2025-09-30,14:00,Dr. Brown,Bone & Joint Center,True,60
2025-09-30,14:30,Dr. Brown,Bone & Joint Center,True,60
2025-09-30,15:00,Dr. Brown,Bone & Joint Center,True,60
2025-09-30,15:30,Dr. Brown,Bone & Joint Center,True,60
2025-09-30,16:00,Dr. Brown,Bone & Joint Center,True,60
2025-09-30,16:30,Dr. Brown,Bone & Joint Center,True,60
2025-09-30,17:00,Dr. Brown,Bone & Joint Center,True,60
2025-09-30,17:30,Dr. Brown,Bone & Joint Center,True,60
2025-10-01,09:00,Dr. Smith,Main Clinic,True,60
2025-10-01,09:30,Dr. Smith,Main Clinic,True,60
2025-10-01,10:00,Dr. Smith,Main Clinic,True,60
2025-10-01,10:30,Dr. Smith,Main Clinic,True,60
2025-10-01,11:00,Dr. Smith,Main Clinic,True,60
2025-10-01,11:30,Dr. Smith,Main Clinic,True,60
2025-10-01,12:00,Dr. Smith,Main Clinic,True,60
2025-10-01,12:30,Dr. Smith,Main Clinic,True,60
2025-10-01,13:00,Dr. Smith,Main Clinic,True,60
2025-10-01,13:30,Dr. Smith,Main Clinic,True,60
2025-10-01,14:00,Dr. Smith,Main Clinic,True,60
2025-10-01,14:30,Dr. Smith,Main Clinic,True,60
2025-10-01,15:00,Dr. Smith,Main Clinic,True,60
2025-10-01,15:30,Dr. Smith,Main Clinic,True,60
2025-10-01,16:00,Dr. Smith,Main Clinic,True,60
2025-10-01,16:30,Dr. Smith,Main Clinic,True,60
2025-10-01,10:00,Dr. Johnson,Heart Center,True,60
2025-10-01,10:30,Dr. Johnson,Heart Center,True,60
2025-10-01,11:00,Dr. Johnson,Heart Center,True,60
2025-10-01,11:30,Dr. Johnson,Heart Center,True,60
2025-10-01,12:00,Dr. Johnson,Heart Center,True,60
2025-10-01,12:30,Dr. Johnson,Heart Center,True,60
2025-10-01,13:00,Dr. Johnson,Heart Center,True,60
2025-10-01,13:30,Dr. Johnson,Heart Center,True,60
2025-10-01,14:00,Dr. Johnson,Heart Center,True,60
2025-10-01,14:30,Dr. Johnson,Heart Center,True,60
2025-10-01,15:00,Dr. Johnson,Heart Center,True,60
2025-10-01,15:30,Dr. Johnson,Heart Center,True,60
2025-10-01,08:00,Dr. Williams,Skin Clinic,True,60
2025-10-01,08:30,Dr. Williams,Skin Clinic,True,60
2025-10-01,09:00,Dr. Williams,Skin Clinic,True,60
2025-10-01,09:30,Dr. Williams,Skin Clinic,True,60
2025-10-01,10:00,Dr. Williams,Skin Clinic,True,60
2025-10-01,10:30,Dr. Williams,Skin Clinic,True,60
2025-10-01,11:00,Dr. Williams,Skin Clinic,True,60
2025-10-01,11:30,Dr. Williams,Skin Clinic,True,60
2025-10-01,12:00,Dr. Williams,Skin Clinic,True,60
2025-10-01,12:30,Dr. Williams,Skin Clinic,True,60
2025-10-01,13:00,Dr. Williams,Skin Clinic,True,60
2025-10-01,13:30,Dr. Williams,Skin Clinic,True,60
2025-10-01,14:00,Dr. Williams,Skin Clinic,True,60
2025-10-01,14:30,Dr. Williams,Skin Clinic,True,60
2025-10-02,09:00,Dr. Smith,Main Clinic,True,60
2025-10-02,09:30,Dr. Smith,Main Clinic,True,60
2025-10-02,10:00,Dr. Smith,Main Clinic,True,60
2025-10-02,10:30,Dr. Smith,Main Clinic,True,60
2025-10-02,11:00,Dr. Smith,Main Clinic,True,60
2025-10-02,11:30,Dr. Smith,Main Clinic,True,60
2025-10-02,12:00,Dr. Smith,Main Clinic,True,60
2025-10-02,12:30,Dr. Smith,Main Clinic,True,60
2025-10-02,13:00,Dr. Smith,Main Clinic,True,60
2025-10-02,13:30,Dr. Smith,Main Clinic,True,60
2025-10-02,14:00,Dr. Smith,Main Clinic,True,60
2025-10-02,14:30,Dr. Smith,Main Clinic,True,60
2025-10-02,15:00,Dr. Smith,Main Clinic,True,60
2025-10-02,15:30,Dr. Smith,Main Clinic,True,60
2025-10-02,16:00,Dr. Smith,Main Clinic,True,60
2025-10-02,16:30,Dr. Smith,Main Clinic,True,60
2025-10-02,10:00,Dr. Johnson,Heart Center,True,60
2025-10-02,10:30,Dr. Johnson,Heart Center,True,60
2025-10-02,11:00,Dr. Johnson,Heart Center,True,60
2025-10-02,11:30,Dr. Johnson,Heart Center,True,60
2025-10-02,12:00,Dr. Johnson,Heart Center,True,60
2025-10-02,12:30,Dr. Johnson,Heart Center,True,60
2025-10-02,13:00,Dr. Johnson,Heart Center,True,60
2025-10-02,13:30,Dr. Johnson,Heart Center,True,60
2025-10-02,14:00,Dr. Johnson,Heart Center,True,60
2025-10-02,14:30,Dr. Johnson,Heart Center,True,60
2025-10-02,15:00,Dr. Johnson,Heart Center,True,60
2025-10-02,15:30,Dr. Johnson,Heart Center,True,60
2025-10-02,11:00,Dr. Brown,Bone & Joint Center,True,60
2025-10-02,11:30,Dr. Brown,Bone & Joint Center,True,60
2025-10-02,12:00,Dr. Brown,Bone & Joint Center,True,60
2025-10-02,12:30,Dr. Brown,Bone & Joint Center,True,60
2025-10-02,13:00,Dr. Brown,Bone & Joint Center,True,60
2025-10-02,13:30,Dr. Brown,Bone & Joint Center,True,60
2025-10-02,14:00,Dr. Brown,Bone & Joint Center,True,60
2025-10-02,14:30,Dr. Brown,Bone & Joint Center,True,60
2025-10-02,15:00,Dr. Brown,Bone & Joint Center,True,60
2025-10-02,15:30,Dr. Brown,Bone & Joint Center,True,60
2025-10-02,16:00,Dr. Brown,Bone & Joint Center,True,60
2025-10-02,16:30,Dr. Brown,Bone & Joint Center,True,60
2025-10-02,17:00,Dr. Brown,Bone & Joint Center,True,60
2025-10-02,17:30,Dr. Brown,Bone & Joint Center,True,60
